salutation,firstName,        lastName,        phone,        leadSource,        industry,        leadStatus,        email
Mr,Data,Loader 1,8870339850,Web,Agriculture,Working-Contacted,pravinsf24@gmail.com
Mr,Data,Loader 2,8870339850,Web,Agriculture,Working-Contacted,pravinsf24@gmail.com
Mr,Data,Loader 3,8870339850,Web,Agriculture,Working-Contacted,pravinsf24@gmail.com
Mr,Data,Loader 4,8870339850,Web,Agriculture,Working-Contacted,pravinsf24@gmail.com
,,,,,,,
,,,,,,,
,,,,,,,
,,,,,,,
,,,,,,,
,,,,,,,
,,,,,,,
,,,,,,,
,,,,,,,
,,,,,,,
